"reviewid","year"
"22703","1998"
"22721","2016"
"22659","2016"
"22661","2016"
"22725","2016"
"22722","2016"
"22704","2016"
"22694","2016"
"22714","2017"
"22724","2016"
"22715","2016"
"22745","2016"
"22700","2016"
"22720","2016"
"22699","2016"
"22665","2016"
"22666","2016"
"22719","2016"
"22667","2016"
"22691","2016"
"22702","2016"
"22718","2016"
"22706","2016"
"22695","2016"
"22713","2016"
"22705","2016"
"22532","2016"
"22701","2016"
"22707","2016"
"22708","2016"
"22559","1996"
"22559","2016"
"22692","2016"
"22677","2016"
"22469","2016"
"22711","2016"
"22678","2016"
"22664","2016"
"22685","2016"
"22690","2016"
"22689","2016"
"22697","2016"
"22681","2016"
"22698","2016"
"22684","2016"
"22693","2016"
"22686","2016"
"22643","1966"
"22643","2016"
"22640","2016"
"22688","2016"
"22696","2016"
"22663","2016"
"22687","2016"
"22662","2016"
"22317","1998"
"22673","2016"
"22655","2016"
"22593","2016"
"22627","2016"
"22555","2016"
"22682","2016"
"22679","2016"
"22657","2016"
"22654","2016"
"22631","1991"
"22631","2016"
"22683","2016"
"22635","2016"
"22653","2016"
"22672","2016"
"22536","2016"
"22676","2016"
"22671","2016"
"22675","2016"
"22680","2016"
"22641","2016"
"22645","2016"
"22393","1968"
"22393","2016"
"22660","2016"
"22553","2016"
"22626","2006"
"22639","2016"
"22658","2016"
"22638","2016"
"22656","2016"
"22669","1991"
"22669","2016"
"22634","2016"
"22632","2016"
"22652","2016"
"22674","2016"
"22670","2016"
"22646","2016"
"22535","2016"
"22668","2016"
"22650","2016"
"22651","2016"
"22596","2016"
